{
	"doc": "FTDT simulation results of the directional coupler for transmission at 1550 nm. Parameters of a polynomial fit around the center wavelength.",
	"center_wavelength": 1.55,
	"pol_trans_bar_abs": [
		-1047.4901613503614,
		-920.2404586375618,
		18.20872763643584,
		0.17783212818014305,
		-1.3669814442797343,
		0.7319417383361545
	],
	"pol_trans_bar_phase": [
		-7860750384729999.0,
		-244057639881537.3,
		52285535413846.125,
		1444832661654.5476,
		-128344019329.19559,
		-3041376403.0053744,
		141271537.25054353,
		2665026.3956523044,
		-64843.68232077865,
		-1143.9886065659468,
		574.2474515350184,
		-807.6633182237304,
		-40.07757321847838
	],
	"pol_trans_cross_abs": [
		-23206.140569161438,
		29.959035285124333,
		59.888458637039676,
		-0.21011574249867002,
		1.3730165096112503,
		0.6704987157500363
	],
	"pol_trans_cross_phase": [
		5620524229972341.0,
		209633239380208.06,
		-38187074455895.62,
		-1235888619271.7837,
		96067826723.8458,
		2608200802.7288375,
		-109855657.03892201,
		-2367154.160317517,
		56644.969588136344,
		510.54742373701833,
		554.3617377906189,
		-807.7739176751993,
		-44.783904814863675
	],
	"pol_refl_bar_abs": [
		-51192.95288241643,
		710.315828102365,
		291.55222665022615,
		4.283473971151275,
		-0.5849841568681478,
		0.01115206457384756
	],
	"pol_refl_bar_phase": [
		-2.632494240048258e+17,
		1.0955720631730314e+16,
		2488039605614699.5,
		-65047949255919.56,
		-8941831178486.834,
		117960198682.58939,
		14955286279.621767,
		-33012539.745406702,
		-10799689.249514855,
		-78972.42621926947,
		2377.077797772454,
		-1619.9124756904775,
		-85.73309202928993
	],
	"pol_refl_cross_abs": [
		-25780.842510073824,
		-974.5958262784009,
		79.70833108972293,
		1.327144588542236,
		0.10504564138416553,
		0.12893918663368492
	],
	"pol_refl_cross_phase": [
		976023151166609.6,
		-92939754117725.05,
		-12093976853664.701,
		408458972394.40326,
		48045169617.21425,
		-455904201.68035185,
		-85319103.65080932,
		-265668.0684952992,
		80017.22091238415,
		148.4129575313216,
		1096.8615900287632,
		-1621.231477524193,
		-83.96399237932847
	]
}
