{
	"doc": "FDTD simulation results of MMI2x2 optimized for transmission at 1550 nm. Parameters of a polynomial fit around the center wavelength.",
	"center_wavelength": 1.55,
	"pol_trans_bar_abs": [
		35.620442496612924,
		-1.9683893445354477,
		-6.497661892319359,
		-0.08300290938564699,
		0.700279285330558
	],
	"pol_trans_bar_phase": [
		232.3372658412472,
		-350.6700662288277,
		550.899737437114,
		-800.910416528658,
		-135.84622464652068
	],
	"pol_trans_cross_abs": [
		60.90470647046822,
		10.698445526578551,
		-6.862634742228134,
		-0.21069884062519814,
		0.6976071480515665
	],
	"pol_trans_cross_phase": [
		222.95582756630876,
		-359.38196123854897,
		550.1055585859954,
		-801.1073843998344,
		-131.1357234304027
	],
	"pol_refl_bar_abs": [
		-277.1277903320858,
		-34.84218229593704,
		25.048134615327616,
		1.4125341832722962,
		-0.10042861157196822,
		-0.013677914528370612,
		0.005929247166595322
	],
	"pol_refl_bar_phase": [
		-28943.289326376,
		-2950.047245285256,
		572.5906147591779,
		-329.3294107493721,
		-60.915793891574346
	],
	"pol_refl_cross_abs": [
		-1732.7411777809464,
		-62.902536339907755,
		69.33709004857391,
		0.4278157971108136,
		-0.5020580303163353,
		0.048508284937844905,
		0.00695709456283943
	],
	"pol_refl_cross_phase": [
		2151.569475344031,
		-400.6756747108247,
		763.1036896163519,
		-1238.205868251526,
		-203.18088225465507
	]
}
