{
 "doc": "FDTD simulation results of MMI1x2 optimized for transmission at 1550 nm. Parameters of a polynomial fit around the center wavelength.", 
 "center_wavelength": 1.55, 
 "pol_trans_abs": [13.818334434885296, 2.1023324380644817, -1.910178348586021, -0.05378794031031747, 0.6995352035610057], 
 "pol_trans_phase": [139.76552232167927, -228.01120397917717, 347.32167119293695, -502.49319462985403, -86.03879775613684], 
 "pol_refl_in_abs": [0.49070926690866096, 0.08171302240690632, 0.009950206637899795, 0.00904014488470984], 
 "pol_refl_in_phase": [24911.37217400053, 1286.207105049023, -1045.3754869102559, -521.3905589401008, -60.7857085782603], 
 "pol_refl_out_abs": [0.24578672735389936, -0.14323456225175157, -0.033708286995365135, 0.0329774209867788], 
 "pol_refl_out_phase": [-129.30877551890666, -286.8073277469162, 462.55445774034405, -666.1843153945192, -111.3081869587087], 
 "pol_refl_cross_abs": [0.7625767532937138, -0.25942526088440493, -0.014059704677509284, 0.040546918159599855], 
 "pol_refl_cross_phase": [95.93068371448132, -275.01570876772894, 461.316583857209, -665.1311890960344, -108.13998322949305]
}