{
    "doc": "FDTD simulation results of mmi1x2_cband optimized for transmission at 1550 nm. Parameters of a polynomial fit around the center wavelength.",
    "center_wavelength": 1.55,
    "pol_refl_in_abs": [
        -16441.85199207503,
        -622.0670220178382,
        5.558230708939042,
        0.1785392376504111,
        0.0018629936299211097
    ],
    "pol_refl_in_phase": [
        -13926209.042011749,
        -10041.815771023894,
        7600.430223770961,
        -435.59747379308163,
        -11.461887528013026
    ],
    "pol_trans_abs": [
        593.3838917580447,
        14.247267504569542,
        -0.6069066709974191,
        -0.007535138167953991,
        0.7080153609655382
    ],
    "pol_trans_phase": [
        -671.2080931433253,
        -146.850909077589,
        253.07117429638825,
        -354.4677977552811,
        -6.969538987415969
    ],
    "pol_refl_out_abs": [
        -230.608180958479,
        -153.1881524791013,
        -2.140100253078651,
        0.02501035483034444,
        0.026591023873837463
    ],
    "pol_refl_out_phase": [
        76119.85886544654,
        -14879.63760423097,
        151.80824366925467,
        -426.2905566907828,
        -6.757478375724116
    ],
    "pol_refl_cross_abs": [
        -6212.982067755478,
        -264.8975150647888,
        4.396593262655973,
        0.07730143481538863,
        0.027120892439907285
    ],
    "pol_refl_cross_phase": [
        264305.07312259707,
        10663.633431851606,
        277.9081797033677,
        -433.78796052130434,
        -9.953604638420263
    ]
}
