{
    "doc": "FDTD simulation results of mmi1x2_oband optimized for transmission at 1310 nm. Parameters of a polynomial fit around the center wavelength.",
    "center_wavelength": 1.31,
    "pol_refl_in_abs": [
        -68.65846088982141,
        8.732721530977013,
        0.2754502509681646,
        -0.007366619843311983,
        0.0016622936968711689
    ],
    "pol_refl_in_phase": [
        -1453052.2350128375,
        -3899.4661587765895,
        3323.9582753877116,
        -134.7546023940595,
        -3.968548199982575
    ],
    "pol_trans_abs": [
        15.278321131774717,
        0.1153090579797865,
        -0.8467755965226195,
        0.02634242340945759,
        0.7066632121876093
    ],
    "pol_trans_phase": [
        297.50642104497933,
        -340.57265881982573,
        437.3663291205901,
        -528.8628902543747,
        -26.3114655805075
    ],
    "pol_refl_out_abs": [
        -228.4611805676045,
        -5.683086498015266,
        0.2750631298023142,
        -0.010663387957756496,
        0.035114459600767235
    ],
    "pol_refl_out_phase": [
        -2237704.9761092095,
        -132062.23339158596,
        691.1857333603313,
        668.8341640450574,
        28.542971476928763
    ],
    "pol_refl_cross_abs": [
        80.79492794841225,
        -0.9687876609841778,
        -0.35218363609878284,
        0.006944610537611614,
        0.0361531122229278
    ],
    "pol_refl_cross_phase": [
        -2224772.569350086,
        -132008.3913295344,
        668.9313848525288,
        669.2082734454552,
        31.65896495975368
    ]
}
