{
    "doc": "FDTD simulation results of mmi2x2_oband optimized for transmission at 1310 nm. Parameters of a polynomial fit around the center wavelength.",
    "center_wavelength": 1.31,
    "pol_refl_bar_abs": [
        256.03798051636676,
        -9.988529043687308,
        0.10424814955560989,
        0.004703021807115803,
        0.0005490393879754003
    ],
    "pol_refl_bar_phase": [
        -471387.4935290526,
        37595.45056520071,
        -970.3380719356402,
        -15.558706476770436,
        10.434297135213239
    ],
    "pol_refl_cross_abs": [
        -187.31393989043517,
        7.694060214125944,
        2.1737782928047475,
        -0.047689805162273426,
        0.0010374027498007735
    ],
    "pol_refl_cross_phase": [
        3503916.96907368,
        -13673.203311101708,
        -17563.374882088603,
        -15.638286039452824,
        18.88068341001708
    ],
    "pol_trans_bar_abs": [
        558.4398415662893,
        -2.0742425375845643,
        -14.932957263021857,
        0.36382712951925167,
        0.7035383560791098
    ],
    "pol_trans_bar_phase": [
        319.48824790188127,
        -679.4376101255983,
        972.1197425950928,
        70.32506677865055,
        -0.6793518156546029
    ],
    "pol_trans_cross_abs": [
        553.7354997786862,
        -20.212279284955763,
        -14.924294865540908,
        0.38754889566558487,
        0.702507959604556
    ],
    "pol_trans_cross_phase": [
        1169.0095223883193,
        -694.5738841612745,
        970.388895642472,
        70.36492180717579,
        4.032469770974915
    ]
}
