{
    "doc": "FDTD simulation results of mmi2x2_cband optimized for transmission at 1550 nm. Parameters of a polynomial fit around the center wavelength.",
    "center_wavelength": 1.55,
    "pol_refl_bar_abs": [
        12652.338123280164,
        160.22705068272396,
        -0.7021081027180721,
        -0.07401819433140451,
        0.0021051487392651255
    ],
    "pol_refl_bar_phase": [
        25896108.91101328,
        1117368.227531672,
        11900.054812024988,
        -1062.260589116438,
        -22.90949106950632
    ],
    "pol_refl_cross_abs": [
        -6476.241802844147,
        -81.34103972792458,
        4.237363045302843,
        -0.04671921269515565,
        0.0053463011804715625
    ],
    "pol_refl_cross_phase": [
        -205307.9926476622,
        -27559.663438908752,
        667.1590027390426,
        -1016.1325372133332,
        -19.48013617915297
    ],
    "pol_trans_bar_abs": [
        28.334411276060834,
        -12.695789174204963,
        -5.265761573782741,
        0.8819698511775044,
        0.6711637326392967
    ],
    "pol_trans_bar_phase": [
        -988.496541968435,
        -295.02646228667174,
        463.6135269050632,
        -658.7382034146617,
        -11.008410245038183
    ],
    "pol_trans_cross_abs": [
        136.95997629956463,
        8.439481661857554,
        -7.034927044450261,
        0.8030079031200696,
        0.6714895847805789
    ],
    "pol_trans_cross_phase": [
        -973.5711751784312,
        -310.84109622071253,
        464.38650898096057,
        -658.8564547767149,
        -12.579191566485814
    ]
}
